Datetime,Water Level (m)
2025-12-05 00:00:00,0.0002679988
2025-12-05 01:00:00,0.00015728264
2025-12-05 02:00:00,4.6884034e-05
2025-12-05 03:00:00,0.00019742305
2025-12-05 04:00:00,0.0004508127
2025-12-05 05:00:00,0.0007307023
2025-12-05 06:00:00,0.0010288063
2025-12-05 07:00:00,0.0012361547
2025-12-05 08:00:00,0.0012786094
2025-12-05 09:00:00,0.0013157853
2025-12-05 10:00:00,0.0011697604
2025-12-05 11:00:00,0.000875279
2025-12-05 12:00:00,0.00057304197
2025-12-05 13:00:00,0.00034803513
2025-12-05 14:00:00,0.00037833367
2025-12-05 15:00:00,0.00046459597
2025-12-05 16:00:00,0.0005970902
2025-12-05 17:00:00,0.00081720116
2025-12-05 18:00:00,0.001054373
2025-12-05 19:00:00,0.0012342889
2025-12-05 20:00:00,0.001288906
2025-12-05 21:00:00,0.0011637679
2025-12-05 22:00:00,0.00092956325
2025-12-05 23:00:00,0.00059270015
2025-12-06 00:00:00,0.00012364153
2025-12-06 01:00:00,-0.00017809155
2025-12-06 02:00:00,-0.00043098396
2025-12-06 03:00:00,-0.0004453643
2025-12-06 04:00:00,-0.00031035088
2025-12-06 05:00:00,-9.8023986e-05
2025-12-06 06:00:00,0.00015647692
2025-12-06 07:00:00,0.0005278208
2025-12-06 08:00:00,0.0007179852
2025-12-06 09:00:00,0.00078574556
2025-12-06 10:00:00,0.000731798
2025-12-06 11:00:00,0.0003611767
2025-12-06 12:00:00,-1.4187864e-05
2025-12-06 13:00:00,-0.0002957719
2025-12-06 14:00:00,-0.00038646304
2025-12-06 15:00:00,-0.00016953945
2025-12-06 16:00:00,0.00012221854
2025-12-06 17:00:00,0.00030733674
2025-12-06 18:00:00,0.00056984415
2025-12-06 19:00:00,0.00071300543
2025-12-06 20:00:00,0.00089152984
2025-12-06 21:00:00,0.00088008406
2025-12-06 22:00:00,0.00063275173
2025-12-06 23:00:00,0.00044618675
2025-12-07 00:00:00,7.4872296e-05
2025-12-07 01:00:00,-0.00046465974
2025-12-07 02:00:00,-0.0005640808
2025-12-07 03:00:00,-0.0008426222
2025-12-07 04:00:00,-0.0007017232
2025-12-07 05:00:00,-0.0005905379
2025-12-07 06:00:00,-0.0002932959
2025-12-07 07:00:00,-7.639891e-06
2025-12-07 08:00:00,0.00016432386
2025-12-07 09:00:00,0.00028010402
2025-12-07 10:00:00,0.0003908859
2025-12-07 11:00:00,0.00031027698
2025-12-07 12:00:00,-9.2540795e-05
2025-12-07 13:00:00,-0.00043270283
2025-12-07 14:00:00,-0.0007232906
2025-12-07 15:00:00,-0.0005819229
2025-12-07 16:00:00,-0.00040865937
2025-12-07 17:00:00,-0.00031267307
2025-12-07 18:00:00,-8.076168e-05
2025-12-07 19:00:00,6.292661e-05
2025-12-07 20:00:00,0.00039641585
2025-12-07 21:00:00,0.0006324937
2025-12-07 22:00:00,0.0005581512
2025-12-07 23:00:00,0.00044729924
2025-12-08 00:00:00,-0.00010165312
2025-12-08 01:00:00,-0.0004069805
2025-12-08 02:00:00,-0.00083825673
2025-12-08 03:00:00,-0.00095808355
2025-12-08 04:00:00,-0.00089531974
2025-12-08 05:00:00,-0.00069765234
2025-12-08 06:00:00,-0.0005018309
2025-12-08 07:00:00,-0.00025835726
2025-12-08 08:00:00,-0.0001364981
2025-12-08 09:00:00,-8.552444e-05
2025-12-08 10:00:00,-3.0153822e-05
2025-12-08 11:00:00,-0.000120921424
2025-12-08 12:00:00,-0.00031214283
2025-12-08 13:00:00,-0.0005975824
2025-12-08 14:00:00,-0.000877886
2025-12-08 15:00:00,-0.00088824803
2025-12-08 16:00:00,-0.00070716685
2025-12-08 17:00:00,-0.00038778098
2025-12-08 18:00:00,-0.00020457707
2025-12-08 19:00:00,-4.8446986e-05
2025-12-08 20:00:00,-0.0015947946
2025-12-08 21:00:00,0.00332876
2025-12-08 22:00:00,0.0023911677
2025-12-08 23:00:00,0.016966723
2025-12-09 00:00:00,0.00893768
2025-12-09 01:00:00,0.019227307
2025-12-09 02:00:00,0.02154021
2025-12-09 03:00:00,0.022716505
2025-12-09 04:00:00,0.029254917
2025-12-09 05:00:00,0.0370863
2025-12-09 06:00:00,0.044402797
2025-12-09 07:00:00,0.051114745
2025-12-09 08:00:00,0.05752351
2025-12-09 09:00:00,0.06362947
2025-12-09 10:00:00,0.06942292
2025-12-09 11:00:00,0.07469319
2025-12-09 12:00:00,0.09661687
2025-12-09 13:00:00,0.11097512
2025-12-09 14:00:00,0.09360853
2025-12-09 15:00:00,0.09997115
2025-12-09 16:00:00,0.11240414
2025-12-09 17:00:00,0.11893786
2025-12-09 18:00:00,0.12535109
2025-12-09 19:00:00,0.13098368
2025-12-09 20:00:00,0.13569915
2025-12-09 21:00:00,0.13950013
2025-12-09 22:00:00,0.14232343
2025-12-09 23:00:00,0.14453758
2025-12-10 00:00:00,0.1463046
2025-12-10 01:00:00,0.14800729
2025-12-10 02:00:00,0.15035449
2025-12-10 03:00:00,0.15332486
2025-12-10 04:00:00,0.15682246
2025-12-10 05:00:00,0.16077358
2025-12-10 06:00:00,0.16479717
2025-12-10 07:00:00,0.16866936
2025-12-10 08:00:00,0.17209922
2025-12-10 09:00:00,0.17504726
2025-12-10 10:00:00,0.17788407
2025-12-10 11:00:00,0.18045016
2025-12-10 12:00:00,0.1826726
2025-12-10 13:00:00,0.18463919
2025-12-10 14:00:00,0.18644571
2025-12-10 15:00:00,0.1878768
2025-12-10 16:00:00,0.18920797
2025-12-10 17:00:00,0.19107881
2025-12-10 18:00:00,0.19339997
2025-12-10 19:00:00,0.19551489
2025-12-10 20:00:00,0.19744495
2025-12-10 21:00:00,0.19892596
2025-12-10 22:00:00,0.19987316
2025-12-10 23:00:00,0.20026655
2025-12-11 00:00:00,0.20001568
